IP,Country,City,Latitude,Longitude
34.201.32.172,United States,Ashburn,39.0438,-77.4874
52.90.120.45,United States,Ashburn,39.0438,-77.4874
3.91.157.123,United States,Ashburn,39.0438,-77.4874
18.204.42.32,United States,Ashburn,39.0438,-77.4874
54.221.202.45,United States,Ashburn,39.0438,-77.4874
178.154.243.100,Russia,Moscow,55.7558,37.6173
132.238.223.32,United States,Plano,33.0198,-96.6989
201.3.163.56,United States,Madison,43.0731,-89.4012
128.219.42.254,United States,San Diego,32.7157,-117.1611
84.138.5.206,United States,Tucson,32.2226,-110.9747
6.59.83.152,United States,San Jose,37.3382,-121.8863
34.158.210.229,United States,Memphis,35.1495,-90.049
5.153.80.56,United States,Irvine,33.6846,-117.8265
203.58.103.190,United States,Corpus Christi,27.8006,-97.3964
14.209.125.240,United States,El Paso,31.7619,-106.485
208.114.85.202,United States,Houston,29.7604,-95.3698
158.4.217.51,United States,Los Angeles,34.0522,-118.2437
147.255.199.156,United States,Philadelphia,39.9526,-75.1652
36.176.95.17,United States,San Bernardino,34.1083,-117.2898
158.138.165.183,United States,New York,40.7128,-74.006
21.126.238.164,United States,Minneapolis,44.9778,-93.265
52.0.141.176,United States,Long Beach,33.7701,-118.1937
44.248.196.209,United States,Orlando,28.5383,-81.3792
190.194.234.189,United States,Buffalo,42.8864,-78.8784
17.49.83.19,United States,St. Louis,38.627,-90.1994
190.46.78.219,United States,San Francisco,37.7749,-122.4194
13.174.173.136,United States,Tulsa,36.1539,-95.9928
22.6.114.70,United States,Plano,33.0198,-96.6989
186.249.253.24,United States,Oklahoma City,35.4676,-97.5164
187.206.177.92,United States,Aurora,39.7294,-104.8319
73.204.193.142,United States,Fontana,34.0922,-117.435
123.227.248.156,United States,Detroit,42.3314,-83.0458
111.95.69.34,United States,Kansas City,39.0997,-94.5786
199.245.149.205,United States,New Orleans,29.9511,-90.0715
18.144.244.238,United States,Fresno,36.7378,-119.7871
138.76.156.247,United States,Spokane,47.6588,-117.426
155.116.114.14,United States,San Diego,32.7157,-117.1611
93.154.66.81,United States,Greensboro,36.0726,-79.792
156.209.133.102,United States,Phoenix,33.4484,-112.074
209.200.14.237,United States,St. Louis,38.627,-90.1994
187.42.170.126,United States,Spokane,47.6588,-117.426
193.254.209.153,United States,Fresno,36.7378,-119.7871
197.233.80.243,United States,Anchorage,61.2181,-149.9003
18.221.225.73,United States,Toledo,41.6528,-83.5379
87.96.235.231,United States,Jersey City,40.7178,-74.0431
41.240.9.98,United States,Chandler,33.3062,-111.8413
23.182.244.230,United States,San Antonio,29.4241,-98.4936
71.95.232.231,United States,Aurora,39.7294,-104.8319
175.80.23.125,United States,Jacksonville,30.3322,-81.6557
33.133.224.220,United States,Miami,25.7617,-80.1918
180.78.133.220,United States,Memphis,35.1495,-90.049
133.175.1.150,United States,Philadelphia,39.9526,-75.1652
205.0.248.119,United States,Miami,25.7617,-80.1918
111.163.245.175,United States,Madison,43.0731,-89.4012
72.39.162.5,United States,Henderson,36.0395,-114.9817
44.54.223.90,United States,Mesa,33.4152,-111.8315
38.141.97.12,United States,Garland,32.9126,-96.6389
197.75.70.121,United States,St. Louis,38.627,-90.1994
192.87.104.45,United States,Corpus Christi,27.8006,-97.3964
214.236.104.103,United States,Modesto,37.6391,-120.9969
151.36.185.72,United States,Laredo,27.5306,-99.4803
97.56.6.19,United States,Tucson,32.2226,-110.9747
95.221.168.110,United States,Denver,39.7392,-104.9903
176.144.21.10,United States,Aurora,39.7294,-104.8319
42.219.124.234,United States,Honolulu,21.3069,-157.8583
153.164.193.45,United States,Buffalo,42.8864,-78.8784
103.127.207.17,United States,Orlando,28.5383,-81.3792
49.23.131.101,United States,Madison,43.0731,-89.4012
101.147.80.43,United States,Kansas City,39.0997,-94.5786
218.241.218.2,United States,Des Moines,41.5868,-93.625
159.20.155.27,United States,Fontana,34.0922,-117.435
175.123.194.215,United States,San Jose,37.3382,-121.8863
147.113.29.22,United States,New York,40.7128,-74.006
61.13.233.68,United States,Baton Rouge,30.4515,-91.1871
157.65.253.24,United States,Las Vegas,36.1699,-115.1398
158.117.222.41,United States,Minneapolis,44.9778,-93.265
124.249.154.32,United States,Phoenix,33.4484,-112.074
130.193.88.217,United States,Tacoma,47.2529,-122.4443
136.180.184.10,United States,Baltimore,39.2904,-76.6122
19.94.7.244,United States,Moreno Valley,33.9425,-117.2297
34.110.147.32,United States,Lexington,38.0406,-84.5037
27.3.96.67,United States,Fresno,36.7378,-119.7871
184.235.86.175,United States,Des Moines,41.5868,-93.625
77.241.238.193,United States,Columbus,39.9612,-82.9988
27.161.127.29,United States,El Paso,31.7619,-106.485
203.96.218.77,United States,Baton Rouge,30.4515,-91.1871
73.127.59.84,United States,St. Louis,38.627,-90.1994
195.98.96.27,United States,Virginia Beach,36.8529,-75.978
209.32.123.108,United States,Lubbock,33.5779,-101.8552
24.197.235.157,United States,Fort Wayne,41.0793,-85.1394
128.83.18.124,United States,Portland,45.5051,-122.675
114.10.188.198,United States,Pittsburgh,40.4406,-79.9959
55.250.201.13,United States,Tampa,27.9506,-82.4572
68.34.62.221,United States,Arlington,32.7357,-97.1081
220.235.80.24,United States,Huntington Beach,33.6595,-117.9988
163.191.76.90,United States,San Diego,32.7157,-117.1611
148.11.145.84,United States,San Bernardino,34.1083,-117.2898
151.243.92.225,United States,Baton Rouge,30.4515,-91.1871
76.126.48.186,United States,St. Louis,38.627,-90.1994
103.216.37.233,United States,Aurora,39.7294,-104.8319
27.202.119.42,Russia,Saint Petersburg,59.9343,30.3351
83.169.187.255,Russia,Novosibirsk,55.0084,82.9357
115.17.33.155,Russia,Yekaterinburg,56.8389,60.6057
106.126.93.172,Russia,Nizhny Novgorod,56.2965,43.9361
57.75.30.131,Russia,Kazan,55.8304,49.0661
38.8.120.182,Russia,Chelyabinsk,55.1644,61.4368
215.45.184.88,Russia,Omsk,54.9885,73.3242
64.29.96.132,Russia,Samara,53.2415,50.2212
32.216.219.159,Russia,Rostov-on-Don,47.2357,39.7015
78.17.79.150,Russia,Ufa,54.7388,55.9721
